reference_image_id,avg_similarity
19,0.4709083683673469
20,0.4455812944897959
26,0.4584995961224489
29,0.4490675944897959
53,0.4490391985714285
106,0.467525909387755
