reference_image_id,avg_similarity
4,0.4877246130612245
10,0.4864236775510204
95,0.4850861159183673
101,0.4796839040816327
