reference_image_id,avg_similarity
12,0.4937490589795918
122,0.4598964275510204
