reference_image,reference_path,avg_similarity,min_similarity,max_similarity,std_similarity
162.jpg,/data2/jiyoon/PAI-Bench/data/crawled/imgs/BrunoMars/162.jpg,0.5348831713199615,0.4172256588935852,0.610543966293335,0.0408659537055001
000064.jpg,/data2/jiyoon/PAI-Bench/data/crawled/imgs/BrunoMars/000064.jpg,0.5747432915531859,0.4321873188018799,0.7211087346076965,0.05399503448916
000098.jpg,/data2/jiyoon/PAI-Bench/data/crawled/imgs/BrunoMars/000098.jpg,0.5759638237709902,0.4718039035797119,0.7180277109146118,0.0476042321626802
000006.jpg,/data2/jiyoon/PAI-Bench/data/crawled/imgs/BrunoMars/000006.jpg,0.5808384083971685,0.4220091104507446,0.7211087346076965,0.0536407417126333
161.jpg,/data2/jiyoon/PAI-Bench/data/crawled/imgs/BrunoMars/161.jpg,0.5817584711678174,0.4969601035118103,0.7087607979774475,0.045013678776446
