reference_image_id,compare_image_id,cosine_similarity
6,66,0.82870406
6,69,0.8194137
10,66,0.82324886
10,114,0.8276087
20,37,0.8492255
32,62,0.82585233
36,47,0.98572415
66,69,0.84280926
66,101,0.8103074
108,109,0.8438256
