reference_image_id,compare_image_id,cosine_similarity
12,53,0.32222968
19,26,0.26022547
19,33,0.32856855
19,53,0.32329142
19,71,0.32737744
20,26,0.27038017
20,29,0.31395054
20,33,0.3043836
20,53,0.28128883
20,71,0.3174699
22,86,0.7239537
26,97,0.72513103
29,43,0.8193362
29,106,0.3264975
40,86,0.75847954
53,106,0.30322233
68,71,0.7241041
68,97,0.78020924
71,97,0.73099774
