reference_image_id,compare_image_id,cosine_similarity
21,55,0.8267073
27,35,0.39008707
35,75,0.76633817
35,85,0.8933865
36,68,0.9294938
36,97,0.93756783
41,47,0.7868907
41,87,0.7830922
60,111,0.8059654
68,97,0.91967934
75,85,0.78699845
79,110,0.8263976
110,111,0.7752771
