reference_image_id,compare_image_id,cosine_similarity
1,47,0.8965676
7,122,0.36436215
12,72,0.36743423
12,118,0.37164322
12,120,0.3646291
12,125,0.36362553
20,85,0.7907512
44,128,0.79468745
56,122,0.33861655
72,122,0.35465434
78,122,0.37024316
94,122,0.35203826
120,122,0.32654616
