reference_image_id,compare_image_id,cosine_similarity
5,71,0.74222
31,38,0.8141094
44,64,0.31961533
54,96,0.7814998
54,190,0.74671626
63,85,0.7592889
175,181,0.7799318
