reference_image_id,compare_image_id,cosine_similarity
000007_0,000009_0,0.7779315
000007_0,000029_0,0.74695426
000007_0,000030_0,0.7893834
000007_0,000032_0,0.75490963
000007_0,000052_0,0.7720724
000007_0,000101_0,0.756464
000009_0,000029_0,0.8116947
000009_0,000030_0,0.88275135
000009_0,000032_0,0.7488947
000009_0,000101_0,0.8015847
000014_0,000022_0,0.91675305
000015_0,000042_0,0.7648367
000028_0,000079_0,0.7688662
000029_0,000101_0,0.76542675
