reference_image_id,compare_image_id,cosine_similarity
1,73,0.7728729
3,5,0.7607636
5,11,0.91295207
5,87,0.76239914
33,101,0.7851858
37,52,0.77126545
53,54,0.8148783
79,87,0.75201815
79,96,0.77981913
83,100,0.75207436
87,96,0.79152924
