reference_image_id,compare_image_id,cosine_similarity
12,82,0.81107134
14,15,0.7792102
14,25,0.793859
14,29,0.7754068
15,25,0.7846551
15,79,0.785274
19,71,0.80082786
54,69,0.81782496
63,76,0.7598174
65,70,0.82668763
65,100,0.7989686
97,100,0.7758875
