,total_pairs,mean_similarity,std_similarity,min_similarity,max_similarity
0,625,0.05849355673715472,0.13798683057997074,-0.14537975192070007,0.8146737217903137
