,total_pairs,mean_similarity,std_similarity,min_similarity,max_similarity
0,625,0.6581368789672851,0.09882083432895984,0.4433681070804596,0.9498436450958252
