,total_pairs,mean_similarity,std_similarity,min_similarity,max_similarity
0,625,0.454616075861454,0.16526405048213935,0.07146413624286652,0.8489663600921631
